document_id,clean_text,sentiment
1,current age fourth industri revolut ir industri digit world wealth data internet thing iot data cybersecur data mobil data busi data social medium data health data etc intellig analyz data develop correspond smart autom applic knowledg artifici intellig ai particularli machin learn ml key variou type machin learn algorithm supervis unsupervis semisupervis reinforc learn exist area besid deep learn part broader famili machin learn method intellig analyz data larg scale paper present comprehens view machin learn algorithm appli enhanc intellig capabl applic thu studi key contribut explain principl differ machin learn techniqu applic variou realworld applic domain cybersecur system smart citi healthcar ecommerc agricultur mani also highlight challeng potenti research direct base studi overal paper aim serv refer point academia industri profession well decisionmak variou realworld situat applic area particularli technic point view,neutral
2,present fashionmnist new dataset compris x grayscal imag fashion product categori imag per categori train set imag test set imag fashionmnist intend serv direct dropin replac origin mnist dataset benchmark machin learn algorithm share imag size data format structur train test split dataset freeli avail http url,neutral
3,widespread use artifici intellig ai system applic everyday live account fair gain signific import design engin system ai system use mani sensit environ make import lifechang decis thu crucial ensur decis reflect discriminatori behavior toward certain group popul recent work develop tradit machin learn deep learn address challeng differ subdomain commerci system research becom awar bias applic contain attempt address survey investig differ realworld applic shown bias variou way list differ sourc bias affect ai applic creat taxonomi fair definit machin learn research defin avoid exist bia ai system addit examin differ domain subdomain ai show research observ regard unfair outcom stateoftheart method way tri address still mani futur direct solut taken mitig problem bia ai system hope survey motiv research tackl issu near futur observ exist work respect field,negative
4,machin learn system becom ubiquit surg interest interpret machin learn system provid explan output explan often use qualit assess criterion safeti nondiscrimin howev despit interest interpret littl consensu interpret machin learn measur posit paper first defin interpret describ interpret need next suggest taxonomi rigor evalu expo open question toward rigor scienc interpret machin learn,neutral
5,tensorflow machin learn system oper larg scale heterogen environ tensorflow use dataflow graph repres comput share state oper mutat state map node dataflow graph across mani machin cluster within machin across multipl comput devic includ multicor cpu generalpurpos gpu customdesign asic known tensor process unit tpu architectur give flexibl applic develop wherea previou paramet server design manag share state built system tensorflow enabl develop experi novel optim train algorithm tensorflow support varieti applic focu train infer deep neural network sever googl servic use tensorflow product releas opensourc project becom wide use machin learn research paper describ tensorflow dataflow model demonstr compel perform tensorflow achiev sever realworld applic,positive
6,tensorflow interfac express machin learn algorithm implement execut algorithm comput express use tensorflow execut littl chang wide varieti heterogen system rang mobil devic phone tablet largescal distribut system hundr machin thousand comput devic gpu card system flexibl use express wide varieti algorithm includ train infer algorithm deep neural network model use conduct research deploy machin learn system product across dozen area comput scienc field includ speech recognit comput vision robot inform retriev natur languag process geograph inform extract comput drug discoveri paper describ tensorflow interfac implement interfac built googl tensorflow api refer implement releas opensourc packag apach licens novemb avail wwwtensorfloworg,neutral
7,quantit investig machin learn model leak inform individu data record train focu basic membership infer attack given data record blackbox access model determin record model train dataset perform membership infer target model make adversari use machin learn train infer model recogn differ target model predict input train versu input train empir evalu infer techniqu classif model train commerci machin learn servic provid googl amazon use realist dataset classif task includ hospit discharg dataset whose membership sensit privaci perspect show model vulner membership infer attack investig factor influenc leakag evalu mitig strategi,neutral
8,present open graph benchmark ogb diver set challeng realist benchmark dataset facilit scalabl robust reproduc graph machin learn ml research ogb dataset largescal million node billion edg encompass multipl import graph ml task cover diver rang domain rang social inform network biolog network molecular graph sourc code ast knowledg graph dataset provid unifi evalu protocol use meaning applicationspecif data split evalu metric addit build dataset also perform extens benchmark experi dataset experi suggest ogb dataset present signific challeng scalabl largescal graph outofdistribut gener realist data split indic fruit opportun futur research final ogb provid autom endtoend graph ml pipelin simplifi standard process graph data load experiment setup model evalu ogb regularli updat welcom input commun ogb dataset well data loader evalu script baselin code leaderboard publicli avail http url,neutral
9,goal precipit nowcast predict futur rainfal intens local region rel short period time previou studi examin crucial challeng weather forecast problem machin learn perspect paper formul precipit nowcast spatiotempor sequenc forecast problem input predict target spatiotempor sequenc extend fulli connect lstm fclstm convolut structur inputtost statetost transit propos convolut lstm convlstm use build endtoend trainabl model precipit nowcast problem experi show convlstm network captur spatiotempor correl better consist outperform fclstm stateoftheart oper rover algorithm precipit nowcast,neutral
10,machin learn ml model eg deep neural network dnn vulner adversari exampl malici input modifi yield erron model output appear unmodifi human observ potenti attack includ malici content like malwar identifi legitim control vehicl behavior yet exist adversari exampl attack requir knowledg either model intern train data introduc first practic demonstr attack control remot host dnn knowledg inde capabl blackbox adversari observ label given dnn chosen input attack strategi consist train local model substitut target dnn use input synthet gener adversari label target dnn use local substitut craft adversari exampl find misclassifi target dnn perform realworld properlyblind evalu attack dnn host metamind onlin deep learn api find dnn misclassifi adversari exampl craft substitut demonstr gener applic strategi mani ml techniqu conduct attack model host amazon googl use logist regress substitut yield adversari exampl misclassifi amazon googl rate also find blackbox attack strategi capabl evad defens strategi previous found make adversari exampl craft harder,neutral
11,scikitlearn python modul integr wide rang stateoftheart machin learn algorithm mediumscal supervis unsupervis problem packag focus bring machin learn nonspecialist use generalpurpos highlevel languag emphasi put ea use perform document api consist minim depend distribut simplifi bsd licens encourag use academ commerci set sourc code binari document download httpscikitlearnsourceforgenet,neutral
12,interpret machin learn becom popular research direct deep neural network dnn becom power applic mainstream yet dnn remain difficult understand test concept activ vector tcav kim et al approach interpret dnn humanfriendli way recent receiv signific attent machin learn commun tcav algorithm achiev degre global interpret dnn humandefin concept explan project introduc robust tcav build tcav experiment determin best practic method object robust tcav make tcav consist reduc varianc tcav score distribut increas cav tcav score resist perturb differ mean method cav gener determin best practic achiev object mani area tcav process explor includ cav visual low dimens neg class select activ perturb direct cav final threshold techniqu consid remov nois tcav score project step direct make tcav alreadi impact algorithm interpret reliabl use practition,positive
13,experi world multimod see object hear sound feel textur smell odor tast flavor modal refer way someth happen experienc research problem character multimod includ multipl modal order artifici intellig make progress understand world around u need abl interpret multimod signal togeth multimod machin learn aim build model process relat inform multipl modal vibrant multidisciplinari field increas import extraordinari potenti instead focus specif multimod applic paper survey recent advanc multimod machin learn present common taxonomi go beyond typic earli late fusion categor identifi broader challeng face multimod machin learn name represent translat align fusion colearn new taxonomi enabl research better understand state field identifi direct futur research,negative
14,probabl distribut linear model regress linear model classif neural network kernel method spar kernel machin graphic model mixtur model em approxim infer sampl method continu latent variabl sequenti data combin model,neutral
15,use machin learn algorithm frequent involv care tune learn paramet model hyperparamet unfortun tune often black art requir expert experi rule thumb sometim bruteforc search therefor great appeal automat approach optim perform given learn algorithm problem hand work consid problem framework bayesian optim learn algorithm gener perform model sampl gaussian process gp show certain choic natur gp type kernel treatment hyperparamet play crucial role obtain good optim achiev expertlevel perform describ new algorithm take account variabl cost durat learn algorithm experi leverag presenc multipl core parallel experiment show propos algorithm improv previou automat procedur reach surpass human expertlevel optim mani algorithm includ latent dirichlet alloc structur svm convolut neural network,positive
16,research differ machin learn ml becom incred popular past decad howev research familiar statist might difficult understand evalu perform ml model compar introduc common evalu metric use typic supervis ml task includ binari multiclass multilabel classif regress imag segment object detect inform retriev explain choos suitabl statist test compar model obtain enough valu metric test perform test interpret result also present practic exampl compar convolut neural network use classifi xray differ lung infect detect cancer tumor positron emiss tomographi imag,negative
17,paper describ technic develop accuraci assess recent improv version soilgrid system resolut june updat soilgrid provid global predict standard numer soil properti organ carbon bulk densiti cation exchang capac cec ph soil textur fraction coars fragment seven standard depth cm addit predict depth bedrock distribut soil class base world refer base wrb usda classif system ca raster layer total predict base ca soil profil use train stack remot sensingbas soil covari primarili deriv modi land product srtm dem deriv climat imag global landform litholog map use fit ensembl machin learn methodsrandom forest gradient boost andor multinomi logist regressiona implement r packag ranger xgboost nnet caret result fold crossvalid show ensembl model explain coars fragment ph variat overal averag improv rel accuraci consid amount variat explain comparison previou version soilgrid km spatial resolut rang improv attribut use machin learn instead linear regress consider invest prepar finer resolut covari layer insert addit soil profil develop soilgrid could includ refin method incorpor input uncertainti deriv posterior probabl distribut per pixel autom spatial model soil map gener potenti hundr soil variabl anoth area futur research develop method multiscal merg soilgrid predict local andor nation grid soil product eg spatial resolut increasingli accur complet consist global soil inform produc soilgrid avail open data base licens,positive
18,christoph molnar interpret machin learn guid make black box model explain lulucom pp,neutral
19,abstract machin learn algorithm use wide variou applic area fit machin learn model differ problem hyperparamet must tune select best hyperparamet configur machin learn model direct impact model perform often requir deep knowledg machin learn algorithm appropri hyperparamet optim techniqu although sever automat optim techniqu exist differ strength drawback appli differ type problem paper optim hyperparamet common machin learn model studi introduc sever stateoftheart optim techniqu discus appli machin learn algorithm mani avail librari framework develop hyperparamet optim problem provid open challeng hyperparamet optim research also discus paper moreov experi conduct benchmark dataset compar perform differ optim method provid practic exampl hyperparamet optim survey paper help industri user data analyst research better develop machin learn model identifi proper hyperparamet configur effect,negative
20,paper provid review commentari past present futur numer optim algorithm context machin learn applic case studi text classif train deep neural network discus optim problem aris machin learn make challeng major theme studi largescal machin learn repres distinct set stochast gradient sg method tradit play central role convent gradientbas nonlinear optim techniqu typic falter base viewpoint present comprehens theori straightforward yet versatil sg algorithm discus practic behavior highlight opportun design algorithm improv perform lead discus next gener optim method largescal machin learn includ investig two main stream research techniqu diminish nois stochast direct method make use secondord deriv approxim,negative
21,recent advanc artifici intellig ai led widespread industri adopt machin learn system demonstr superhuman perform signific number task howev surg perform often achiev increas model complex turn system black box approach caus uncertainti regard way oper ultim way come decis ambigu made problemat machin learn system adopt sensit yet critic domain valu could immens healthcar result scientif interest field explain artifici intellig xai field concern develop new method explain interpret machin learn model tremend reignit recent year studi focus machin learn interpret method specif literatur review taxonomi method present well link program implement hope survey would serv refer point theorist practition,neutral
22,abstract intellig fault diagnosi ifd refer applic machin learn theori machin fault diagnosi promis way releas contribut human labor automat recogn health state machin thu attract much attent last two three decad although ifd achiev consider number success review still leav blank space systemat cover develop ifd cradl bloom rare provid potenti guidelin futur develop bridg gap articl present review roadmap systemat cover develop ifd follow progress machin learn theori offer futur perspect past tradit machin learn theori began weak contribut human labor brought era artifici intellig machin fault diagnosi recent year advent deep learn theori reform ifd releas artifici assist sinc encourag construct endtoend diagnosi procedur mean directli bridg relationship increasinglygrown monitor data health state machin futur transfer learn theori attempt use diagnosi knowledg one multipl diagnosi task relat one prospect overcom obstacl applic ifd engin scenario final roadmap ifd pictur show potenti research trend combin challeng field,positive
23,consid problem classifi document topic overal sentiment eg determin whether review posit neg use movi review data find standard machin learn techniqu definit outperform humanproduc baselin howev three machin learn method employ naiv bay maximum entropi classif support vector machin perform well sentiment classif tradit topicbas categor conclud examin factor make sentiment classif problem challeng,negative
24,autom categor classif text predefin categori wit boom interest last year due increas avail document digit form ensu need organ research commun domin approach problem base machin learn techniqu gener induct process automat build classifi learn set preclassifi document characterist categori advantag approach knowledg engin approach consist manual definit classifi domain expert good effect consider save term expert labor power straightforward portabl differ domain survey discus main approach text categor fall within machin learn paradigm discus detail issu pertain three differ problem name document represent classifi construct classifi evalu,negative
25,adversari exampl malici input design fool machin learn model often transfer one model anoth allow attack mount black box attack without knowledg target model paramet adversari train process explicitli train model adversari exampl order make robust attack reduc test error clean input far adversari train primarili appli small problem research appli adversari train imagenet contribut includ recommend succes scale adversari train larg model dataset observ adversari train confer robust singlestep attack method find multistep attack method somewhat less transfer singlestep attack method singlestep attack best mount blackbox attack resolut label leak effect caus adversari train model perform better adversari exampl clean exampl adversari exampl construct process use true label model learn exploit regular construct process,neutral
26,today artifici intellig still face two major challeng one industri data exist form isol island strengthen data privaci secur propos possibl solut challeng secur feder learn beyond federatedlearn framework first propos googl introduc comprehens secur federatedlearn framework includ horizont feder learn vertic feder learn feder transfer learn provid definit architectur applic federatedlearn framework provid comprehens survey exist work subject addit propos build data network among organ base feder mechan effect solut allow knowledg share without compromis user privaci,negative
27,machin learn refer chang system perform task associ artifici intellig chapter present introduct type applic machin learn chapter also present basic concept relat featur select techniqu filter wrapper hybrid method variou machin learn techniqu artifici neural network naiv bay classifi support vector machin knearestneighbor decis tree bag boost random subspac method random forest kmean cluster deep learn last perform measur classifi present,neutral
28,larg scale benchmark molecular machin learn consist multipl public dataset metric featur learn algorithm,neutral
29,neural machin translat recent propos approach machin translat unlik tradit statist machin translat neural machin translat aim build singl neural network jointli tune maxim translat perform model propos recent neural machin translat often belong famili encoderdecod consist encod encod sourc sentenc fixedlength vector decod gener translat paper conjectur use fixedlength vector bottleneck improv perform basic encoderdecod architectur propos extend allow model automat softsearch part sourc sentenc relev predict target word without form part hard segment explicitli new approach achiev translat perform compar exist stateoftheart phrasebas system task englishtofrench translat furthermor qualit analysi reveal softalign found model agre well intuit,positive
30,paper propos novel neural network model call rnn encod decod consist two recurr neural network rnn one rnn encod sequenc symbol fixedlength vector represent decod represent anoth sequenc symbol encod decod propos model jointli train maxim condit probabl target sequenc given sourc sequenc perform statist machin translat system empir found improv use condit probabl phrase pair comput rnn encoderdecod addit featur exist loglinear model qualit show propos model learn semant syntact meaning represent linguist phrase,positive
31,field fluid mechan rapidli advanc driven unpreced volum data experi field measur largescal simul multipl spatiotempor scale machin learn ml offer wealth techniqu extract inform data translat knowledg underli fluid mechan moreov ml algorithm augment domain knowledg autom task relat flow control optim articl present overview past histori current develop emerg opportun ml fluid mechan outlin fundament ml methodolog discus use understand model optim control fluid flow strength limit method address perspect scientif inquiri consid data inher part model experi simul ml provid power informationprocess framework augment possibl even transform current line fluid mechan research industri applic,negative
32,today intellig system offer artifici intellig capabl often reli machin learn machin learn describ capac system learn problemspecif train data autom process analyt model build solv associ task deep learn machin learn concept base artifici neural network mani applic deep learn model outperform shallow machin learn model tradit data analysi approach articl summar fundament machin learn deep learn gener broader understand method underpin current intellig system particular provid conceptu distinct relev term concept explain process autom analyt model build machin learn deep learn discus challeng aris implement intellig system field electron market network busi natur go beyond technolog aspect highlight issu humanmachin interact artifici intellig servit,negative
33,decis tree classifi regard standout wellknown method data classif represent classifi differ research variou field background consid problem extend decis tree avail data machin studi pattern recognit statist variou field medic diseas analysi text classif user smartphon classif imag mani employ decis tree classifi propos mani way paper provid detail approach decis tree furthermor paper specif algorithmsapproach use dataset outcom achiev evalu outlin comprehens addit approach analyz discus illustr theme author identifi accur classifi result use differ type dataset discus find analyz,positive
34,recent year deep learn dl popular comput approach field machin learn ml achiev except result varieti complex cognit task match even surpass human perform deep learn technolog grew artifici neural network ann becom big deal comput learn data abil learn enorm volum data one benefit deep learn past year field deep learn grown quickli use success wide rang tradit field numer disciplin includ cybersecur natur languag process bioinformat robot control medic inform process deep learn outperform wellknown machin learn approach order provid ideal start point creat comprehens understand deep learn also articl aim provid detail overview signific facet deep learn includ current develop field moreov paper discus signific deep learn variou deep learn techniqu network addit provid overview realworld applic area deep learn techniqu utilis conclud identifi possibl characterist futur gener deep learn model provid research suggest hand articl intend provid comprehens overview deep learn model serv resourc academ industri peopl alik lastli provid addit issu recommend solut assist research comprehend exist research gap variou approach deep learn architectur strategi applic discus work,positive
35,machin learn emerg big data technolog highperform comput creat new opportun data intens scienc multidisciplinari agritechnolog domain paper present comprehens review research dedic applic machin learn agricultur product system work analyz categor crop manag includ applic yield predict diseas detect weed detect crop qualiti speci recognit b livestock manag includ applic anim welfar livestock product c water manag soil manag filter classif present articl demonstr agricultur benefit machin learn technolog appli machin learn sensor data farm manag system evolv real time artifici intellig enabl program provid rich recommend insight farmer decis support action,neutral
36,review discus dilemma small data face materi machin learn first analyz limit brought small data workflow materi machin learn introduc next method deal small data introduc includ data extract public materi databas construct highthroughput comput experi data sourc level model algorithm small data imbalanc learn algorithm level activ learn transfer learn machin learn strategi level final futur direct small data machin learn materi scienc propos,negative
37,signific accur simul fluid import mani scienc engin problem comput demand contrast machinelearn model approxim physic quickli cost accuraci show use machin learn insid tradit fluid simul improv accuraci speed even exampl differ train data approach open door appli machin learn largescal physic model task like airplan design climat predict numer simul fluid play essenti role model mani physic phenomenon weather climat aerodynam plasma physic fluid well describ navierstok equat solv equat scale remain daunt limit comput cost resolv smallest spatiotempor featur lead unfavor tradeoff accuraci tractabl use endtoend deep learn improv approxim insid comput fluid dynam model twodimension turbul flow direct numer simul turbul largeeddi simul result accur baselin solver finer resolut spatial dimens result fold comput speedup method remain stabl long simul gener forc function reynold number outsid flow train contrast blackbox machinelearn approach approach exemplifi scientif comput leverag machin learn hardwar acceler improv simul without sacrif accuraci gener,neutral
38,recent variou sophist method includ machin learn artifici intellig employ examin healthrel data medic profession acquir enhanc diagnost treatment abil util machin learn applic healthcar domain medic data use mani research detect diseas identifi pattern current literatur studi address machin learn algorithm improv healthcar data accuraci effici examin effect machin learn algorithm improv time seri healthcar metric heart rate data transmiss accuraci effici paper review sever machin learn algorithm healthcar applic comprehens overview investig supervis unsupervis machin learn algorithm also demonstr time seri task base past valu along review feasibl small larg dataset,positive
39,deriv mostli form gradient hessian ubiquit machin learn automat differenti ad also call algorithm differenti simpli autodiff famili techniqu similar gener backpropag effici accur evalu deriv numer function express comput program ad small establish field applic area includ comput fluid dynam atmospher scienc engin design optim recent field machin learn ad larg unawar case independ discov other result despit relev generalpurpos ad miss machin learn toolbox situat slowli chang ongo adopt name dynam comput graph differenti program survey intersect ad machin learn cover applic ad direct relev address main impl mentat techniqu precis defin main differenti techniqu interrelationship aim bring clariti usag term autodiff automat differenti symbol differenti encount machin learn set,positive
40,increas number decis regard daili live human be control artifici intellig machin learn ml algorithm sphere rang healthcar transport educ colleg admiss recruit provis loan mani realm sinc touch mani aspect live crucial develop ml algorithm accur also object fair recent studi shown algorithm decis make may inher prone unfair even intent articl present overview main concept identifi measur improv algorithm fair use ml algorithm focus primarili classif task articl begin discus caus algorithm bia unfair common definit measur fair fairnessenhanc mechan review divid preprocess inprocess postprocess mechan comprehens comparison mechan conduct toward better understand mechan use differ scenario articl end review sever emerg research subfield algorithm fair beyond classif,positive
41,feder learn also known collabor learn machin learn techniqu train algorithm without transfer data sampl across numer decentr edg devic server strategi differ standard central machin learn techniqu local dataset upload singl server well tradit decentr altern frequent presum local data sampl uniformli distribut feder learn allow sever actor collabor develop singl robust machin learn model without share data allow crucial issu data privaci data secur data access right access heterogen data address defenc telecommun internet thing pharmaceut industri sector applic,neutral
42,secur multiparti comput mpc allow parti perform comput data keep data privat capabl great potenti machinelearn applic facilit train machinelearn model privat data set own differ parti evalu one parti privat model use anoth parti privat data etc although rang studi implement machinelearn model via secur mpc implement yet mainstream adopt secur mpc hamper absenc flexibl softwar framework thatspeak languageof machinelearn research engin foster adopt secur mpc machin learn present crypten softwar framework expo popular secur mpc primit via abstract common modern machinelearn framework tensor comput automat differenti modular neural network paper describ design crypten measur perform stateoftheart model text classif speech recognit imag classif benchmark show crypten gpu support highperform commun arbitrari number parti allow perform effici privat evalu modern machinelearn model semihonest threat model exampl two parti use crypten secur predict phonem speech record use wavlett faster realtim hope crypten spur adopt secur mpc machinelearn commun,positive
43,sever aspect might influenc perform achiev exist learn system report one aspect relat class imbal exampl train data belong one class heavili outnumb exampl class situat found real world data describ infrequ import event learn system may difficulti learn concept relat minor class work perform broad experiment evalu involv ten method three propos author deal class imbal problem thirteen uci data set experi provid evid class imbal systemat hinder perform learn system fact problem seem relat learn minor class exampl presenc complic factor class overlap two propos method deal condit directli alli known oversampl method data clean method order produc betterdefin class cluster compar experi show gener oversampl method provid accur result undersampl method consid area roc curv auc result seem contradict result previous publish literatur two propos method smote tomek smote enn present good result data set small number posit exampl moreov random oversampl simpl oversampl method competit complex oversampl method sinc oversampl method provid good perform result also measur syntact complex decis tree induc oversampl data result show tree usual complex one induc origin data random oversampl usual produc smallest increas mean number induc rule smote enn smallest increas mean number condit per rule compar among investig oversampl method,neutral
44,interpret machin learn ml crucial high stake decis troubleshoot work provid fundament principl interpret ml dispel common misunderstand dilut import crucial topic also identifi technic challeng area interpret machin learn provid histori background problem problem classic import recent problem arisen last year problem optim spar logic model decis tree optim score system place constraint gener addit model encourag sparsiti better interpret modern casebas reason includ neural network match causal infer complet supervis disentangl neural network complet even partial unsupervis disentangl neural network dimension reduct data visual machin learn model incorpor physic gener causal constraint character therashomon setof good model interpret reinforc learn survey suitabl start point statistician comput scientist interest work interpret machin learn,negative
45,imag classif pivot task multipl industri face comput challeng due burgeon volum visual data research address challeng introduc two quantum machin learn model leverag principl quantum mechan effect comput first model hybrid quantum neural network parallel quantum circuit enabl execut comput even noisi intermediatescal quantum era circuit larg number qubit current infeas model demonstr recordbreak classif accuraci full mnist dataset surpass perform known quantumclass model eight time fewer paramet classic counterpart also result test hybrid model medic mnist classif accuraci cifar classif accuraci serv evid generaliz model highlight effici quantum layer distinguish common featur input data second model introduc hybrid quantum neural network quanvolut layer reduc imag resolut via convolut process model match perform classic counterpart four time fewer trainabl paramet outperform classic model equal weight paramet model repres advanc quantum machin learn research illumin path toward accur imag classif system,positive
46,brain tumor classif play import role clinic diagnosi effect treatment work propos method brain tumor classif use ensembl deep featur machin learn classifi propos framework adopt concept transfer learn use sever pretrain deep convolut neural network extract deep featur brain magnet reson mr imag extract deep featur evalu sever machin learn classifi top three deep featur perform well sever machin learn classifi select concaten ensembl deep featur fed sever machin learn classifi predict final output evalu differ kind pretrain model deep featur extractor machin learn classifi effect ensembl deep featur brain tumor classif use three differ brain magnet reson imag mri dataset openli access web experiment result demonstr ensembl deep featur help improv perform significantli case support vector machin svm radial basi function rbf kernel outperform machin learn classifi especi larg dataset,positive
47,notion uncertainti major import machin learn constitut key element machin learn methodolog line statist tradit uncertainti long perceiv almost synonym standard probabl probabilist predict yet due steadili increas relev machin learn practic applic relat issu safeti requir new problem challeng recent identifi machin learn scholar problem may call new methodolog develop particular includ import distinguish least two differ type uncertainti often refer aleator epistem paper provid introduct topic uncertainti machin learn well overview attempt far handl uncertainti gener formal distinct particular,negative
48,allopt deep learn deep learn use multilay artifici neural network learn digit larg dataset perform advanc identif classif task date multilay neural network implement comput lin et al demonstr allopt machin learn use passiv optic compon pattern fabric dprint hardwar approach compris stack layer diffract optic element analog artifici neural network train execut complex function speed light scienc issu p allopt deep learn implement dprint passiv optic compon deep learn transform abil execut advanc infer task use comput introduc physic mechan perform machin learn demonstr allopt diffract deep neural network dnn architectur implement variou function follow deep learningbas design passiv diffract layer work collect creat dprint dnn implement classif imag handwritten digit fashion product well function imag len terahertz spectrum allopt deep learn framework perform speed light variou complex function computerbas neural network execut find applic allopt imag analysi featur detect object classif also enabl new camera design optic compon perform distinct task use dnn,negative
49,machin learn shown util detect pattern within larg unstructur complex dataset one promis applic machin learn precis medicin diseas risk predict use patient genet data howev creat accur predict model base genotyp data remain challeng due socal cur dimension ie extens larger number featur compar number sampl therefor generaliz machin learn model benefit featur select aim extract inform featur remov noisi noninform irrelev redund featur articl provid gener overview differ featur select method advantag disadvantag use case focus detect relev featur ie snp diseas risk predict,neutral
50,research defin new type interact human machin learn algorithm gener call humanintheloop machin learn depend control learn process identifi activ learn system remain control interact machin learn closer interact user learn system machin teach human domain expert control learn process asid control human also involv learn process way curriculum learn human domain expert tri impos structur exampl present improv learn explain ai focu abil model explain human given solut chosen collabor ai model human limit learn process go see term aris usabl use ai paper review state art techniqu involv new form relationship human ml algorithm contribut mere list differ approach provid definit clarifi confus vari sometim contradictori term elucid determin boundari differ method correl techniqu search connect influenc,positive
51,intersect machin learn quantum comput quantum machin learn potenti acceler data analysi especi quantum data applic quantum materi biochemistri highenergi physic nevertheless challeng remain regard trainabl quantum machin learn model review current method applic quantum machin learn highlight differ quantum classic machin learn focu quantum neural network quantum deep learn final discus opportun quantum advantag quantum machin learn quantum machin learn becom essenti tool process analyz increas amount quantum data despit recent progress still mani challeng address myriad futur avenu research,negative
52,educ data mine becom effect tool explor hidden relationship educ data predict student academ achiev studi propos new model base machin learn algorithm predict final exam grade undergradu student take midterm exam grade sourc data perform random forest nearest neighbour support vector machin logist regress nave bay knearest neighbour algorithm among machin learn algorithm calcul compar predict final exam grade student dataset consist academ achiev grade student took turkish languagei cours state univers turkey fall semest result show propos model achiev classif accuraci predict made use three type paramet midterm exam grade depart data faculti data datadriven studi import term establish learn analysi framework higher educ contribut decisionmak process final studi present contribut earli predict student high risk failur determin effect machin learn method,positive
53,rapid increas volum data aquat environ machin learn becom import tool data analysi classif predict unlik tradit model use waterrel research datadriven model base machin learn effici solv complex nonlinear problem water environ research model conclus deriv machin learn appli construct monitor simul evalu optim variou water treatment manag system addit machin learn provid solut water pollut control water qualiti improv watersh ecosystem secur manag review describ case machin learn algorithm appli evalu water qualiti differ water environ surfac water groundwat drink water sewag seawat furthermor propos possibl futur applic machin learn approach water environ,neutral
54,last year shapley valu solut concept cooper game theori found numer applic machin learn paper first discus fundament concept cooper game theori axiomat properti shapley valu give overview import applic shapley valu machin learn featur select explain multiag reinforc learn ensembl prune data valuat examin crucial limit shapley valu point direct futur research,negative
55,paper expand invit talk aisec discus emerg field studi adversari machin learningth studi effect machin learn techniqu adversari oppon paper give taxonomi classifi attack onlin machin learn algorithm discus applicationspecif factor limit adversari capabl introduc two model model adversari capabl explor limit adversari knowledg algorithm featur space train input data explor vulner machin learn algorithm discus countermeasur attack introduc evas challeng discus privacypreserv learn techniqu,negative
56,machin learn system becom increasingli ubiquit systemss adopt expand acceler shift toward algorithm societi mean algorithm inform decis greater potenti signific social impact howev accur decis support system remain complex black box mean intern logic inner work hidden user even expert cannot fulli understand rational behind predict moreov new regul highli regul domain made audit verifi decis mandatori increas demand abil question understand trust machin learn system interpret indispens research commun recogn interpret problem focus develop interpret model explan method past year howev emerg method show consensu assess explan qualiti suitabl metric assess qualiti explan aim articl provid review current state research field machin learn interpret focus societ impact develop method metric furthermor complet literatur review present order identifi futur direct work field,positive
57,machin learn import decis support tool crop yield predict includ support decis crop grow grow season crop sever machin learn algorithm appli support crop yield predict research studi perform systemat literatur review slr extract synthes algorithm featur use crop yield predict studi base search criterion retriev relev studi six electron databas select studi analysi use inclus exclus criterion investig select studi care analyz method featur use provid suggest research accord analysi use featur temperatur rainfal soil type appli algorithm artifici neural network model observ base analysi machin learningbas paper perform addit search electron databas identifi deep learningbas studi reach deep learningbas paper extract appli deep learn algorithm accord addit analysi convolut neural network cnn wide use deep learn algorithm studi wide use deep learn algorithm longshort term memori lstm deep neural network dnn,neutral
58,signific recent surg interpret research led confus numer front particular unclear mean interpret select evalu even discus method produc interpret machinelearn model aim clarifi concern defin interpret machin learn construct unifi framework exist method highlight underappreci role play human audienc within framework method organ class model base post hoc provid guidanc select evalu interpret method introduc desideratum predict accuraci descript accuraci relev use framework review exist work ground realworld studi exemplifi desideratum suggest direct futur work machinelearn model demonstr great success learn complex pattern enabl make predict unobserv data addit use model predict abil interpret model learn receiv increas amount attent howev increas focu led consider confus notion interpret particular unclear wide array propos interpret method relat common concept use evalu aim address concern defin interpret context machin learn introduc predict descript relev pdr framework discus interpret pdr framework provid overarch desideratum evalu predict accuraci descript accuraci relev relev judg rel human audienc moreov help manag delug interpret method introduc categor exist techniqu modelbas post hoc categori subgroup includ sparsiti modular simulat demonstr practition use pdr framework evalu understand interpret provid numer realworld exampl exampl highlight often underappreci role play human audienc discus interpret final base framework discus limit exist method direct futur work hope work provid common vocabulari make easier practition research discus choos full rang interpret method,positive
59,signific breakthrough machin learn artifici intellig chang societi fundament understand lag behind tradit believ fit model train data exactli avoid lead poor perform unseen data howev power modern classifi frequent nearperfect fit train disconnect spur recent intens research controversi whether theori provid practic insight work show classic theori modern practic reconcil within singl unifi perform curv propos mechan underli emerg believ previous unknown pattern connect structur perform learn architectur help shape design understand learn algorithm breakthrough machin learn rapidli chang scienc societi yet fundament understand technolog lag far behind inde one central tenet field biasvari tradeoff appear odd observ behavior method use modern machinelearn practic biasvari tradeoff impli model balanc underfit overfit rich enough express underli structur data simpl enough avoid fit spuriou pattern howev modern practic rich model neural network train exactli fit ie interpol data classic model would consid overfit yet often obtain high accuraci test data appar contradict rais question mathemat foundat machin learn relev practition paper reconcil classic understand modern practic within unifi perform curv doubledesc curv subsum textbook ushap biasvari tradeoff curv show increas model capac beyond point interpol result improv perform provid evid exist ubiqu doubl descent wide spectrum model dataset posit mechan emerg connect perform structur machinelearn model delin limit classic analys implic theori practic machin learn,negative
60,electrocatalyst photocatalyst key sustain futur gener clean fuel reduc impact global warm provid solut environment pollut improv process catalyst design better understand electrophotocatalyt process essenti improv catalyst effect recent advanc data scienc artifici intellig great potenti acceler electrocatalysi photocatalysi research particularli rapid explor larg materi chemistri space machin learn comprehens introduct critic review machin learn techniqu use electrocatalysi photocatalysi research provid sourc electrophotocatalyst data current approach repres materi mathemat featur describ commonli use machin learn method summar qualiti util electrophotocatalyst model evalu illustr machin learn model appli novel electrophotocatalyst discoveri use elucid electrocatalyt photocatalyt reaction mechan provid review offer guid materi scientist select machin learn method electrocatalysi photocatalysi research applic machin learn catalysi scienc repres paradigm shift way advanc nextgener catalyst design synthes,positive
61,fast reliabl detect patient sever heterogen ill major goal precis medicin patient leukaemia identifi use machin learn basi blood transcriptom howev increas divid technic possibl allow privaci legisl facilit integr medic data data owner worldwid without violat privaci law introduc swarm learninga decentr machinelearn approach unit edg comput blockchainbas peertop network coordin maintain confidenti without need central coordin therebi go beyond feder learn illustr feasibl use swarm learn develop diseas classifi use distribut data chose four use case heterogen diseas covid tuberculosi leukaemia lung patholog blood transcriptom deriv clinic studi nonuniform distribut case control substanti studi bias well chest xray imag show swarm learn classifi outperform develop individu site addit swarm learn complet fulfil local confidenti regul design believ approach notabl acceler introduct precis medicin swarm learn decentr machin learn approach outperform classifi develop individu site covid diseas preserv confidenti privaci,neutral
62,perform compar analysi machin learn method canon problem empir asset price measur asset risk premium demonstr larg econom gain investor use machin learn forecast case doubl perform lead regressionbas strategi literatur identifi bestperform method tree neural network trace predict gain allow nonlinear predictor interact miss method method agre set domin predict signal set includ variat momentum liquid volatil author furnish internet appendix avail oxford univers press web site next link final publish paper onlin,negative
63,machin increasingli intellig thing face recognit algorithm use larg dataset photo label face estim function predict presenc face pixel x similar econometr rais question new empir tool fit know empir economist use present way think machin learn give place econometr toolbox machin learn provid new tool solv differ problem specif machin learn revolv around problem predict mani econom applic revolv around paramet estim appli machin learn econom requir find relev task machin learn algorithm technic easi use download conveni packag r python also rais risk algorithm appli naiv output misinterpret hope make conceptu easier use provid crisper understand algorithm work excel stumbleand thu use appli,negative
64,ml model often exhibit unexpectedli poor behavior deploy realworld domain identifi underspecif key reason failur ml pipelin underspecifi return mani predictor equival strong heldout perform train domain underspecif common modern ml pipelin base deep learn predictor return underspecifi pipelin often treat equival base train domain perform show predictor behav differ deploy domain ambigu lead instabl poor model behavior practic distinct failur mode previous identifi issu aris structur mismatch train deploy domain show problem appear wide varieti practic ml pipelin use exampl comput vision medic imag natur languag process clinic risk predict base electron health record medic genom result show need explicitli account underspecif model pipelin intend realworld deploy domain,negative
65,purpos present overview current machin learn method use medic research focus select machin learn techniqu best practic deep learn method systemat literatur search pubm perform articl pertin topic artifici intellig method use medicin emphasi ophthalmolog result review machin learn deep learn methodolog audienc without extens technic comput program background conclus artifici intellig promis futur medicin howev mani challeng remain translat relev aim review articl provid nontechn reader layman explan machin learn method use medicin today goal provid reader better understand potenti challeng artifici intellig within field medicin,negative
66,machin learn base system reach societi larg mani aspect everyday life phenomenon accompani concern ethic issu may aris adopt technolog ml fair recent establish area machin learn studi ensur bias data model inaccuraci lead model treat individu unfavor basi characterist eg race gender disabl sexual polit orient manuscript discus limit present current reason fair method deal describ work done author address specif show causal bayesian network play import role reason deal fair especi complex unfair scenario describ optim transport theori leverag develop method impos constraint full shape distribut correspond differ sensit attribut overcom limit approach approxim fair desideratum impos constraint lower order moment function distribut present unifi framework encompass method deal differ set fair criterion enjoy strong theoret guarante introduc approach learn fair represent gener unseen task final describ techniqu account legal restrict use sensit attribut,negative
67,machin learn way studi algorithm statist model use comput perform specif task pattern deduct build mathemat model sampl data may come either supervis unsupervis learn close relat comput statist interfac statist comput scienc also linear algebra probabl theori two tool mathemat form basi machin learn gener statist scienc concern collect analys interpret data data fact figur classifi either quantit qualit given set data predict expect observ differ outcom two observ data look like help better decis make process descript inferenti statist two method data analysi descript statist summar raw data inform common expect variat data taken also provid graphic method use visual sampl data qualit understand observ wherea inferenti statist refer draw conclus data infer made framework probabl theori understand data interpret result two import aspect machin learn paper review differ method ml mathemat behind ml applic day day life futur aspect,neutral
68,artifici intellig ai provid mani opportun improv privat public life discov pattern structur larg trove data autom manner core compon data scienc current drive applic diver area comput biolog law financ howev highli posit impact coupl signific challeng understand decis suggest system order trust report focu specif datadriven methodsmachin learn ml pattern recognit model particularso survey distil result observ literatur purpos report especi appreci note ml model increasingli deploy wide rang busi howev increas preval complex method busi stakehold least grow number concern drawback model dataspecif bias analog data scienc practition often awar approach emerg academ literatur may struggl appreci differ differ method end use industri standard shap undertaken survey help industri practition also data scientist broadli understand field explain machin learn better appli right tool latter section build narr around put data scientist discus might go explain model ask right question organ viewpoint motiv area broadli discus main develop includ principl allow u studi transpar model v opaqu model well modelspecif modelagnost posthoc explain approach also briefli reflect deep learn model conclud discus futur research direct,negative
69,recent year machin learn transit field academ research interest field capabl solv realworld busi problem howev deploy machin learn model product system present number issu concern survey review publish report deploy machin learn solut varieti use case industri applic extract practic consider correspond stage machin learn deploy workflow map found challeng step machin learn deploy workflow show practition face issu stage deploy process goal articl lay research agenda explor approach address challeng,negative
70,one challeng machin learn research ensur present publish result sound reliabl reproduc obtain similar result present paper talk use code data avail necessari step verifi reliabl research find reproduc also import step promot open access research therebi allow scientif commun quickli integr new find convert idea practic reproduc also promot use robust experiment workflow potenti reduc unintent error neural inform process system neurip confer premier intern confer research machin learn introduc reproduc program design improv standard across commun conduct commun evalu machin learn research program contain three compon code submiss polici communitywid reproduc challeng inclus machin learn reproduc checklist part paper submiss process paper describ compon deploy well abl learn initi,positive
71,quantum classifi trainabl quantum circuit use machin learn model first part circuit implement quantum featur map encod classic input quantum state embed data highdimension hilbert space second part circuit execut quantum measur interpret output model usual measur train distinguish quantumembed data propos instead train first part circuitth embeddingwith object maxim separ data class hilbert space strategi call quantum metric learn result measur minim linear classif loss alreadi known depend metric use embed separ data use l trace distanc helstrom measur l hilbertschmidt distanc simpl overlap measur approach provid power analyt framework quantum machin learn elimin major compon current model free preciou resourc best leverag capabl nearterm quantum inform processor,positive
72,good data stewardship requir remov data request data owner rais question train machinelearn model implicitli store inform train data affect remov request possibl remov data machinelearn model studi problem defin certifi remov strong theoret guarante model data remov cannot distinguish model never observ data begin develop certifiedremov mechan linear classifi empir studi learn set mechan practic,negative
73,smarter applic make better use insight glean data impact everi industri research disciplin core revolut lie tool method drive process massiv pile data gener day learn take use action deep neural network along advanc classic machin learn scalabl generalpurpos graphic process unit gpu comput becom critic compon artifici intellig enabl mani astound breakthrough lower barrier adopt python continu prefer languag scientif comput data scienc machin learn boost perform product enabl use lowlevel librari clean highlevel api survey offer insight field machin learn python take tour import topic identifi core hardwar softwar paradigm enabl cover widelyus librari concept collect togeth holist comparison goal educ reader drive field python machin learn forward,neutral
74,abstract imag classif hot research topic today societi import direct field imag process research svm power classif model machin learn cnn type feedforward neural network includ convolut calcul deep structur one repres algorithm deep learn take svm cnn exampl paper compar analyz tradit machin learn deep learn imag classif algorithm studi found use larg sampl mnist dataset accuraci svm accuraci cnn use small sampl corel dataset accuraci svm accuraci cnn experiment result paper show tradit machin learn better solut effect small sampl data set deep learn framework higher recognit accuraci larg sampl data set,positive
75,object work aim provid review exist literatur field autom machin learn automl help healthcar profession better util machin learn model offtheshelf limit data scienc expertis also identifi potenti opportun barrier use automl healthcar well exist applic automl healthcar method publish paper accompani code describ work field automl comput scienc perspect biomed informat perspect review also provid short summari seri automl challeng host chalearn result review paper field automl reveal autom techniqu match improv upon expert human perform certain machin learn task often shorter amount time main limit automl point abil get system work effici larg scale ie beyond small medium retrospect dataset discus util machin learn techniqu demonstr potenti improv health outcom cut healthcar cost advanc clinic research howev hospit current deploy machin learn solut one reason health care profession often lack machin learn expertis necessari build success model deploy product integr clinic workflow order make machin learn techniqu easier appli reduc demand human expert autom machin learn automl emerg grow field seek automat select compos parametr machin learn model achiev optim perform given task andor dataset conclus alreadi use case automl healthcar field work need done order widespread adopt automl healthcar,positive
76,machin learn increasingli use mental health research potenti advanc understand character predict treat mental disord associ advers health outcom eg suicid behavior machin learn offer new tool overcom challeng tradit statist method wellsuit paper provid overview machin learn specif focu supervis learn ie method design predict classifi outcom interest sever common supervis learn method describ along appli exampl publish literatur also provid overview supervis learn model build valid perform evalu final challeng creat robust generaliz machin learn algorithm discus,neutral
77,use machin learn ml healthcar rais numer ethic concern especi model amplifi exist health inequ outlin ethic consider equit ml advanc healthcar specif frame ethic ml healthcar len social justic describ ongo effort outlin challeng propos pipelin ethic ml health rang problem select postdeploy consider close summar recommend address challeng,negative
78,abstract struggl secur analyst malwar develop neverend battl complex malwar chang quickli innov grow current stateoftheart research focu develop applic machin learn techniqu malwar detect due abil keep pace malwar evolut survey aim provid systemat detail overview machin learn techniqu malwar detect particular deep learn techniqu main contribut paper provid complet descript method featur tradit machin learn workflow malwar detect classif explor challeng limit tradit machin learn analyz recent trend develop field special emphasi deep learn approach furthermor present research issu unsolv challeng stateoftheart techniqu discus new direct research survey help research understand malwar detect field new develop direct research explor scientif commun tackl problem,negative
79,paper deriv keynot talk given googl flood forecast meet machin learn workshop recent experi appli deep learn rainfallrunoff simul indic significantli inform largescal hydrolog data set hydrologist abl translat theori model grow interest machin learn hydrolog scienc commun mani way commun still hold deepli subject nonevidencebas prefer model base certain type process understand histor translat accur theori model predict commentari call action hydrolog commun focu develop quantit understand hydrolog process understand valuabl model disciplin increasingli domin machin learn offer potenti perspect preliminari exampl might accomplish,positive
80,abstract data fusion preval way deal imperfect raw data captur reliabl valuabl accur inform compar rang classic probabilist data fusion techniqu machin learn method automat learn past experi without explicitli program remark renov fusion techniqu offer strong abil comput predict nevertheless literatur still lack thorough review recent advanc machin learn data fusion therefor benefici review summar state art order gain deep insight machin learn benefit optim data fusion paper provid comprehens survey data fusion method base machin learn first offer detail introduct background data fusion machin learn term definit applic architectur process typic techniqu propos number requir employ criterion review evalu perform exist fusion method base machin learn literatur review analysi comparison final come number open issu propos futur research direct field,positive
81,chemometr play critic role biosensorsbas detect analysi diagnosi nowaday branch artifici intellig ai machin learn ml achiev impress advanc howev novel advanc ml method especi deep learn famou imag analysi facial recognit speech recognit remain rel elus biosensor commun herein ml benefici biosensor systemat discus advantag drawback popular ml algorithm summar basi sen data analysi special deep learn method convolut neural network cnn recurr neural network rnn emphas diver mlassist electrochem biosensor wearabl electron ser spectrabas biosensor fluoresc biosensor colorimetr biosensor comprehens discus furthermor biosensor network multibiosensor data fusion introduc review nice bridg ml biosensor greatli expand chemometr detect analysi diagnosi,positive
82,year world popul billion connect devic place home citi vehicl industri devic limit resourc interact surround environ user mani devic base machin learn model decod mean behavior behind sensor data implement accur predict make decis bottleneck high level connect thing could congest network henc need incorpor intellig end devic use machin learn algorithm deploy machin learn edg devic improv network congest allow comput perform close data sourc aim work provid review main techniqu guarante execut machin learn model hardwar low perform internet thing paradigm pave way internet consciou thing work detail review model architectur requir solut implement edg machin learn internet thing devic present main goal defin state art envis develop requir furthermor exampl edg machin learn implement microcontrol provid commonli regard machin learn hello world,positive
83,abstract artifici intellig ai agent driven machin learn algorithm rapidli transform busi world gener heighten interest research paper review call market research leverag machin learn method provid overview common machin learn task method compar statist econometr method market research tradit use argu machin learn method process largescal unstructur data flexibl model structur yield strong predict perform meanwhil method may lack model transpar interpret discus salient aidriven industri trend practic review still nascent academ market literatur use machin learn method importantli present unifi conceptu framework multifacet research agenda five key aspect empir market research method data usag issu theori propos number research prioriti includ extend machin learn method use core compon market research use method extract insight largescal unstructur track network data use transpar fashion descript causal prescript analys use map custom purchas journey develop decisionsupport capabl connect method human insight market theori opportun abound machin learn method market hope multifacet research agenda inspir work excit area,negative
84,abstract machin learn approach establish complex nonlinear relationship among input respons variabl seismic damag assess structur howev lack explain complex machin learn model prevent use assess paper use extens experiment databas suggest random forest machin learn model failur mode predict reinforc concret column shear wall employ recent develop shapley addit explan approach rank input variabl identif failur mode explain machin learn model predict specif failur mode given sampl experi random forest model establish provid accuraci unknown data column shear wall respect geometr variabl reinforc indic critic paramet influenc failur mode studi also reveal exist strategi failur mode identif base sole geometr featur enough properli identifi failur mode,neutral
85,cancer character heterogen diseas consist mani differ subtyp earli diagnosi prognosi cancer type becom necess cancer research facilit subsequ clinic manag patient import classifi cancer patient high low risk group led mani research team biomed bioinformat field studi applic machin learn ml method therefor techniqu util aim model progress treatment cancer condit addit abil ml tool detect key featur complex dataset reveal import varieti techniqu includ artifici neural network ann bayesian network bn support vector machin svm decis tree dt wide appli cancer research develop predict model result effect accur decis make even though evid use ml method improv understand cancer progress appropri level valid need order method consid everyday clinic practic work present review recent ml approach employ model cancer progress predict model discus base variou supervis ml techniqu well differ input featur data sampl given grow trend applic ml method cancer research present recent public employ techniqu aim model cancer risk patient outcom,positive
86,climat chang one greatest challeng face human machin learn ml expert may wonder help describ ml power tool reduc greenhous ga emiss help societi adapt chang climat smart grid disast manag identifi high impact problem exist gap fill ml collabor field recommend encompass excit research question well promis busi opportun call ml commun join global effort climat chang,negative
87,abstract advent artifici intellig ai petroleum industri seen increas use explor develop product reservoir engin manag plan acceler decis make reduc cost time supervis machin learn gain much popular establish relationship complex nonlinear dataset type machin learn algorithm showcas superior petroleum engin regress techniqu term predict error high dimension data comput power memori review focus wide use machin learn algorithm employ petroleum industri artifici neural network ann differ shallow model use reservoir characteris support vector machin svm relev vector machin rvm year emerg competit algorithm case base review outperform ann make prefer ann limit data set final hybridis multipl algorithm methodolog also show improv perform singularli appli algorithm offer pathway improv reservoir characteris base supervis machin learn futur scope work,positive
88,electroencephalographi eeg stapl method identifi certain health condit patient sinc discoveri due mani differ type classifi avail use analysi method also equal numer review examin specif machin learn method develop eeg analysi bioengin applic review literatur captur previou current classif method eeg multipl applic inform abl determin overal effect machin learn method well key characterist found primari method use machin learn appli form eeg classif rang naivebay decis treerandom forest support vector machin svm supervis learn method averag higher accuraci unsupervis counterpart includ svm knn method individu limit accuraci respect applic hope combin method implement properli higher overal classif accuraci paper provid comprehens overview machin learn applic use eeg analysi also give overview method gener applic best suit,neutral
89,network play import role modern life cyber secur becom vital research area intrus detect system id import cyber secur techniqu monitor state softwar hardwar run network despit decad develop exist idss still face challeng improv detect accuraci reduc fals alarm rate detect unknown attack solv problem mani research focus develop idss capit machin learn method machin learn method automat discov essenti differ normal data abnorm data high accuraci addit machin learn method strong generaliz also abl detect unknown attack deep learn branch machin learn whose perform remark becom research hotspot survey propos taxonomi id take data object main dimens classifi summar machin learningbas deep learningbas id literatur believ type taxonomi framework fit cyber secur research survey first clarifi concept taxonomi idss machin learn algorithm frequent use idss metric benchmark dataset introduc next combin repres literatur take propos taxonom system baselin explain solv key id issu machin learn deep learn techniqu final challeng futur develop discus review recent repres studi,neutral
90,interpretml opensourc python packag expo machin learn interpret algorithm practition research interpretml expo two type interpret glassbox model machin learn model design interpret ex linear model rule list gener addit model blackbox explain techniqu explain exist system ex partial depend lime packag enabl practition easili compar interpret algorithm expo multipl method unifi api builtin extens visual platform interpretml also includ first implement explain boost machin power interpret glassbox model accur mani blackbox model mit licens sourc code download githubcommicrosoftinterpret,positive
91,advanc machin learn impact myriad area materi scienc discoveri novel materi improv molecular simul like mani import develop come given rapid chang field challeng understand breadth opportun best practic use review address aspect problem provid overview area machin learn recent signific impact materi scienc provid detail discus determin accuraci domain applic common type machin learn model final discus opportun challeng materi commun fulli util capabl machin learn,positive
92,analysi big data machin learn offer consider advantag assimil evalu larg amount complex healthcar data howev effect use machin learn tool health care sever limit must address key issu consid clinic implement ethic healthcar deliveri advantag machin learn includ flexibl scalabl compar tradit biostatist method make deploy mani task risk stratif diagnosi classif surviv predict anoth advantag machin learn algorithm abil analys diver data type eg demograph data laboratori find imag data doctor freetext note incorpor predict diseas risk diagnosi prognosi appropri treatment despit advantag applic machin learn healthcar deliveri also present uniqu challeng requir data preprocess model train refin system respect actual clinic problem also crucial ethic consider includ medicoleg implic doctor understand machin learn tool data privaci secur review discus benefit challeng big data machin learn health care,negative
93,emerg vulner demand new convers public academ attent increasingli focus new role machin learn health inform economi unusu nolongeresoter categori vulner machinelearn system could prove import vulner allow small care design chang input present system complet alter output caus confid arriv manifestli wrong conclus advanc techniqu subvert otherwisereli machinelearn systemssocal adversari attackshav date interest primarili comput scienc research howev landscap oftencompet interest within health care billion dollar stake system output impli consider problem outlin motiv variou player health care system may use adversari attack begin discus far discourag continu innov medic machin learn call activ engag medic technic legal ethic expert pursuit effici broadli avail effect health care machin learn enabl,negative
94,uncov mysteri way machin learn model make decis,neutral
95,backgroundfollow visibl success wide rang predict task machin learn techniqu attract substanti interest medic research clinician address need capac develop area provid conceptu introduct machin learn alongsid practic guid develop evalu predict algorithm use freelyavail open sourc softwar public domain datamethodsw demonstr use machin learn techniqu develop three predict model cancer diagnosi use descript nucleus sampl breast mass algorithm includ regular gener linear model regress glm support vector machin svm radial basi function kernel singlelay artifici neural network publiclyavail dataset describ breast mass sampl n randomli split evalu n valid n samplesw train algorithm data evalu sampl use predict diagnost outcom valid dataset compar predict made valid dataset realworld diagnost decis calcul accuraci sensit specif three model explor use averag vote ensembl improv predict perform provid stepbystep guid develop algorithm use opensourc r statist program environmentresultsth train algorithm abl classifi cell nucleus high accuraci sensit specif maximum accuraci area curv achiev use svm algorithm predict perform increas margin accuraci sensit specif algorithm arrang vote ensembleconclusionsw use straightforward exampl demonstr theori practic machin learn clinician medic research princip demonstr readili appli complex task includ natur languag process imag recognit,positive
96,mani largescal machin learn ml applic need perform decentr learn dataset gener differ devic locat dataset pose signific challeng decentr learn differ context result signific data distribut skew across devicesloc paper take step toward better understand challeng present detail experiment studi decentr dnn train common type data skew skew distribut data label across devicesloc studi show skew data label fundament pervas problem decentr learn caus signific accuraci loss across mani ml applic dnn model train dataset decentr learn algorithm ii problem particularli challeng dnn model batch normal iii degre data skew key determin difficulti problem base find present skewscout systemlevel approach adapt commun frequenc decentr learn algorithm skewinduc accuraci loss data partit also show group normal recov much accuraci loss batch normal,negative
97,mani machin learn model vulner adversari exampl input special craft caus machin learn model produc incorrect output adversari exampl affect one model often affect anoth model even two model differ architectur train differ train set long model train perform task attack may therefor train substitut model craft adversari exampl substitut transfer victim model littl inform victim recent work develop techniqu use victim model oracl label synthet train set substitut attack need even collect train set mount attack extend recent techniqu use reservoir sampl greatli enhanc effici train procedur substitut model introduc new transfer attack previous unexplor substitut victim pair machin learn model class notabl svm decis tree demonstr attack two commerci machin learn classif system amazon misclassif rate googl use queri victim model therebi show exist machin learn approach gener vulner systemat blackbox attack regardless structur,positive
98,abstract accur yield estim optimis nitrogen manag essenti agricultur remot sen r system wide use build decis support tool contemporari farm system improv yield product nitrogen manag reduc oper cost environment impact howev r base approach requir process enorm amount remot sen data differ platform therefor greater attent current devot machin learn ml method due capabl machin learn base system process larg number input handl nonlinear task paper discus research develop conduct within last year machin learn base techniqu accur crop yield predict nitrogen statu estim paper conclud rapid advanc sen technolog ml techniqu provid costeffect comprehens solut better crop environ state estim decis make target applic sensor platform ml techniqu fusion differ sensor modal expert knowledg develop hybrid system combin differ ml signal process techniqu like part precis agricultur pa near futur,positive
99,paper broad access survey method dispos mont carlo gradient estim machin learn across statist scienc problem comput gradient expect function respect paramet defin distribut integr problem sensit analysi machin learn research gradient problem lie core mani learn problem supervis unsupervis reinforc learn gener seek rewrit gradient form allow mont carlo estim allow easili effici use analys explor three strategiesth pathwis score function measurevalu gradient estimatorsexplor histor develop deriv underli assumpt describ use field show relat combin expand possibl generalis wherev mont carlo gradient estim deriv deploy past import advanc follow deeper widelyheld understand problem lead advanc advanc wish support,negative
